Metric,Value
Mean,97.39999999999999
Lower Bound,96.9199000104145
Upper Bound,97.8800999895855
