Direction,Reward
DOWN,0.6693206
LEFT_DOWN,1.8130734
UP,0.8635439
RIGHT_DOWN,0.50602996
LEFT_UP,2.9816604
RIGHT_UP,0.24120136
