Direction,Reward
DOWN,1.5731018
LEFT_UP,2.6395683
RIGHT_DOWN,1.4159105
RIGHT_UP,2.3659782
LEFT_DOWN,2.2507646
UP,1.2684145
