Direction,Reward
LEFT_UP,3.8088803
RIGHT_DOWN,2.5776997
DOWN,3.9198709
RIGHT_UP,4.1882415
LEFT_DOWN,1.8130734
UP,5.1766057
